Path,topjoint x,topjoint y,torso1 x,torso1 y,torso2 x,torso2 y,torso3 x,torso3 y,bottomjoint x,bottomjoint y
Test_Data/5.jpg,308.1629,281.2933,280.78772,291.36884,253.98871,301.14963,224.05714,306.40723,194.01735,307.4579
Test_Data/4.jpg,212.43773,364.11072,194.06819,338.305,180.65448,313.27484,173.37206,294.22235,174.88145,277.8073
Test_Data/3.jpg,353.17932,247.57854,332.81534,251.53934,311.0047,254.30153,285.91992,257.99252,261.09647,258.37573
Test_Data/134_small.png,324.55792,238.71646,302.75043,251.75645,277.9069,262.61545,250.89636,268.19772,225.23643,267.001
Test_Data/1.JPG,191.71736,254.92621,228.3511,254.90892,260.85565,258.49374,293.7036,269.30252,327.25714,284.48813
